scene_id,sowing date,date,min,max,average,std,variance,median
farm1,2020-11-20,2020-11-20,0.1453,0.2392,0.1942,0.0191,0.0004,0.1928
farm1,2020-11-20,2020-12-15,0.389,0.5553,0.4961,0.0387,0.0015,0.5067
farm1,2020-11-20,2020-12-25,0.4415,0.6175,0.5619,0.0395,0.0016,0.5696
farm1,2020-11-20,2021-01-27,0.6683,0.7644,0.7439,0.0174,0.0003,0.7501
farm1,2020-11-20,2021-02-08,0.6806,0.7523,0.7292,0.0147,0.0002,0.7339
farm1,2020-11-20,2021-02-18,0.6162,0.6756,0.6566,0.0116,0.0001,0.6603
farm1,2020-11-20,2021-02-28,0.7056,0.8103,0.7787,0.0149,0.0002,0.7812
farm1,2020-11-20,2021-03-10,0.5499,0.6212,0.5924,0.0133,0.0002,0.5939
farm1,2020-11-20,2021-03-20,0.5254,0.613,0.5716,0.017,0.0003,0.5689
farm1,2020-11-20,2021-04-02,0.2871,0.528,0.3645,0.0359,0.0013,0.36
farm1,2020-11-20,2021-04-14,0.1785,0.2523,0.202,0.0137,0.0002,0.1995
farm1,2020-11-20,2021-04-24,0.1594,0.2509,0.1916,0.0145,0.0002,0.1925
farm1,2021-11-08,2021-11-08,0.0941,0.2289,0.1407,0.0241,0.0006,0.1354
farm1,2021-11-08,2021-11-18,0.0942,0.2243,0.1369,0.0168,0.0003,0.1342
farm1,2021-11-08,2021-12-10,0.2179,0.4789,0.3769,0.0522,0.0027,0.384
farm1,2021-11-08,2021-12-20,0.2798,0.5129,0.4255,0.0378,0.0014,0.4267
farm1,2021-11-08,2022-02-13,0.5389,0.7772,0.7122,0.0488,0.0024,0.7226
farm1,2021-11-08,2022-03-08,0.5185,0.7782,0.7189,0.0494,0.0024,0.7337
farm1,2021-11-08,2022-03-18,0.411,0.5138,0.4642,0.0219,0.0005,0.4656
farm1,2021-11-08,2022-03-30,0.3403,0.5614,0.4144,0.0454,0.0021,0.4073
farm1,2021-11-08,2022-04-09,0.216,0.3832,0.2545,0.0237,0.0006,0.2489
farm1,2022-11-13,2022-11-13,0.1169,0.2517,0.1588,0.0224,0.0005,0.1534
farm1,2022-11-13,2022-11-25,0.1491,0.2772,0.2012,0.0185,0.0003,0.2046
farm1,2022-11-13,2022-12-05,0.2484,0.4743,0.3812,0.0443,0.002,0.3861
farm1,2022-11-13,2022-12-15,0.3256,0.5464,0.4282,0.0443,0.002,0.4307
farm1,2022-11-13,2023-01-27,0.6481,0.7842,0.7492,0.0262,0.0007,0.7574
farm1,2022-11-13,2023-02-21,0.5047,0.5917,0.5653,0.0153,0.0002,0.5666
farm1,2022-11-13,2023-03-03,0.67,0.7793,0.7389,0.0247,0.0006,0.7411
farm1,2022-11-13,2023-04-04,0.2768,0.5109,0.3538,0.0519,0.0027,0.3465
farm1,2022-11-13,2023-04-17,0.2032,0.3393,0.2307,0.0183,0.0003,0.2274
farm2,2020-12-03,2020-12-03,0.0776,0.1338,0.1103,0.0141,0.0002,0.1095
farm2,2020-12-03,2020-12-15,0.1195,0.2397,0.1627,0.0222,0.0005,0.1614
farm2,2020-12-03,2020-12-25,0.0662,0.2896,0.1699,0.0394,0.0016,0.1726
farm2,2020-12-03,2021-01-27,0.3096,0.6275,0.5044,0.0668,0.0045,0.5049
farm2,2020-12-03,2021-02-08,0.3665,0.6602,0.5582,0.0657,0.0043,0.5752
farm2,2020-12-03,2021-02-18,0.3583,0.6005,0.5358,0.0506,0.0026,0.5443
farm2,2020-12-03,2021-02-28,0.4522,0.7683,0.6715,0.0611,0.0037,0.6742
farm2,2020-12-03,2021-03-10,0.3633,0.5895,0.4746,0.0623,0.0039,0.466
farm2,2020-12-03,2021-03-20,0.2871,0.5951,0.4316,0.0943,0.0089,0.4343
farm2,2020-12-03,2021-04-02,0.1888,0.4387,0.2952,0.0737,0.0054,0.2911
farm2,2020-12-03,2021-04-14,0.1436,0.231,0.1826,0.0165,0.0003,0.1832
farm2,2021-11-18,2021-11-18,0.086,0.2285,0.1221,0.0249,0.0006,0.1187
farm2,2021-11-18,2021-12-10,0.1644,0.3339,0.266,0.0377,0.0014,0.264
farm2,2021-11-18,2021-12-20,0.2352,0.4037,0.3325,0.0376,0.0014,0.3326
farm2,2021-11-18,2022-02-01,0.0503,0.0808,0.0648,0.0065,0,0.0649
farm2,2021-11-18,2022-02-13,0.6244,0.7514,0.708,0.03,0.0009,0.7148
farm2,2021-11-18,2022-03-08,0.6615,0.7614,0.7302,0.0195,0.0004,0.7344
farm2,2021-11-18,2022-03-18,0.367,0.4608,0.4117,0.0246,0.0006,0.4104
farm2,2021-11-18,2022-03-30,0.3366,0.4658,0.3911,0.029,0.0008,0.3891
farm2,2021-11-18,2022-04-09,0.2115,0.2768,0.2347,0.0174,0.0003,0.2306
farm2,2022-11-13,2022-11-13,0.0654,0.2921,0.1325,0.033,0.0011,0.1276
farm2,2022-11-13,2022-11-25,0.0934,0.2394,0.1438,0.0209,0.0004,0.1418
farm2,2022-11-13,2022-12-05,0.1442,0.327,0.2429,0.038,0.0014,0.242
farm2,2022-11-13,2022-12-15,0.2697,0.4229,0.3654,0.0344,0.0012,0.368
farm2,2022-11-13,2023-01-27,0.5473,0.7499,0.6881,0.0362,0.0013,0.6926
farm2,2022-11-13,2023-02-08,0.6683,0.7952,0.7548,0.0222,0.0005,0.7579
farm2,2022-11-13,2023-02-21,0.4151,0.5458,0.5132,0.0242,0.0006,0.5189
farm2,2022-11-13,2023-03-03,0.6642,0.7882,0.7646,0.0235,0.0006,0.771
farm2,2022-11-13,2023-04-04,0.2853,0.476,0.397,0.0424,0.0018,0.4053
farm2,2022-11-13,2023-04-17,0.2159,0.3713,0.2458,0.0254,0.0006,0.2402
farm3,2020-11-20,2020-11-20,0.1386,0.4674,0.1943,0.0758,0.0057,0.1714
farm3,2020-11-20,2020-12-25,0.2335,0.5977,0.4741,0.085,0.0072,0.483
farm3,2020-11-20,2021-01-27,0.4095,0.7589,0.6985,0.071,0.005,0.7213
farm3,2020-11-20,2021-02-08,0.487,0.7445,0.7061,0.0605,0.0037,0.729
farm3,2020-11-20,2021-02-18,0.5674,0.6778,0.6573,0.0239,0.0006,0.6644
farm3,2020-11-20,2021-02-28,0.7211,0.8185,0.7881,0.0141,0.0002,0.7876
farm3,2020-11-20,2021-03-10,0.5891,0.6728,0.6159,0.0161,0.0003,0.6116
farm3,2020-11-20,2021-03-20,0.553,0.7136,0.6098,0.0311,0.001,0.6046
farm3,2020-11-20,2021-04-02,0.3336,0.6826,0.4367,0.0813,0.0066,0.4174
farm3,2020-11-20,2021-04-14,0.1776,0.3395,0.212,0.034,0.0012,0.2008
farm3,2020-11-20,2021-04-24,0.1524,0.3002,0.1959,0.0256,0.0007,0.1904
farm3,2021-11-08,2021-11-08,0.1151,0.2237,0.1446,0.0253,0.0006,0.1376
farm3,2021-11-08,2021-12-10,0.1731,0.4801,0.26,0.0807,0.0065,0.2402
farm3,2021-11-08,2022-01-12,0.4127,0.5577,0.4817,0.0336,0.0011,0.484
farm3,2021-11-08,2022-02-01,0.06,0.0831,0.0722,0.0053,0,0.0725
farm3,2021-11-08,2022-02-13,0.5848,0.7487,0.6879,0.0382,0.0015,0.6906
farm3,2021-11-08,2022-03-08,0.6728,0.7674,0.7336,0.0222,0.0005,0.7369
farm3,2021-11-08,2022-03-18,0.4455,0.4856,0.4661,0.0109,0.0001,0.4671
farm3,2021-11-08,2022-03-30,0.3675,0.5064,0.4121,0.0345,0.0012,0.3985
farm3,2021-11-08,2022-04-09,0.2278,0.309,0.2573,0.0237,0.0006,0.2496
farm3,2022-11-13,2022-11-13,0.1161,0.2185,0.1485,0.026,0.0007,0.1401
farm3,2022-11-13,2022-11-25,0.1274,0.2683,0.1526,0.0262,0.0007,0.1441
farm3,2022-11-13,2022-12-05,0.1608,0.4345,0.229,0.0609,0.0037,0.2041
farm3,2022-11-13,2022-12-15,0.2533,0.4655,0.322,0.0536,0.0029,0.3095
farm3,2022-11-13,2023-01-27,0.675,0.7571,0.7219,0.0202,0.0004,0.7223
farm3,2022-11-13,2023-02-21,0.5381,0.5766,0.5662,0.0062,0,0.567
farm3,2022-11-13,2023-03-03,0.7431,0.7958,0.7756,0.0098,0.0001,0.7766
farm3,2022-11-13,2023-04-04,0.4133,0.5802,0.4845,0.0389,0.0015,0.47
farm3,2022-11-13,2023-04-17,0.2157,0.331,0.2519,0.0283,0.0008,0.2441
farm4,2020-11-03,2020-11-03,0.1864,0.3036,0.2251,0.0247,0.0006,0.223
farm4,2020-11-03,2020-11-13,0.168,0.2681,0.2137,0.0245,0.0006,0.2191
farm4,2020-11-03,2020-12-15,0.3828,0.5413,0.4446,0.0412,0.0017,0.4441
farm4,2020-11-03,2021-01-19,0.5019,0.7174,0.6609,0.0533,0.0028,0.6803
farm4,2020-11-03,2021-01-29,0.4872,0.693,0.6352,0.0512,0.0026,0.6605
farm4,2020-11-03,2021-02-08,0.5251,0.7443,0.6933,0.0578,0.0033,0.7176
farm4,2020-11-03,2021-02-21,0.5055,0.655,0.6253,0.0341,0.0012,0.6373
farm4,2020-11-03,2021-03-03,0.5169,0.778,0.7278,0.0729,0.0053,0.762
farm4,2020-11-03,2021-04-04,0.259,0.3697,0.3075,0.0325,0.0011,0.3085
farm4,2020-11-03,2021-04-14,0.1946,0.2555,0.2088,0.0131,0.0002,0.2077
farm4,2020-11-03,2021-04-27,0.1835,0.3003,0.2081,0.0254,0.0006,0.2009
farm4,2021-11-08,2021-11-08,0.1231,0.3914,0.207,0.0577,0.0033,0.2005
farm4,2021-11-08,2021-12-10,0.2443,0.4371,0.3117,0.0582,0.0034,0.2874
farm4,2021-11-08,2021-12-23,0.316,0.487,0.3603,0.0454,0.0021,0.3466
farm4,2021-11-08,2022-02-01,0.0536,0.0751,0.0673,0.0061,0,0.0692
farm4,2021-11-08,2022-02-13,0.6068,0.7641,0.6677,0.0354,0.0013,0.6617
farm4,2021-11-08,2022-03-08,0.6262,0.7647,0.7204,0.0251,0.0006,0.7213
farm4,2021-11-08,2022-03-20,0.5099,0.6049,0.577,0.0207,0.0004,0.5755
farm4,2021-11-08,2022-03-30,0.3971,0.4835,0.4444,0.0223,0.0005,0.4447
farm4,2021-11-08,2022-04-09,0.2574,0.3499,0.2877,0.0203,0.0004,0.287
farm4,2021-11-08,2022-04-22,0.2322,0.3374,0.2511,0.0211,0.0004,0.2453
farm4,2022-11-15,2022-11-15,0.126,0.2709,0.1725,0.0257,0.0007,0.1741
farm4,2022-11-15,2022-12-05,0.1747,0.3694,0.2222,0.055,0.003,0.2015
farm4,2022-11-15,2022-12-18,0.2248,0.4216,0.278,0.0567,0.0032,0.2555
farm4,2022-11-15,2023-01-27,0.5141,0.7519,0.6336,0.0577,0.0033,0.6312
farm4,2022-11-15,2023-02-21,0.48,0.574,0.5556,0.0192,0.0004,0.5628
farm4,2022-11-15,2023-03-03,0.6095,0.791,0.7649,0.0373,0.0014,0.776
farm4,2022-11-15,2023-04-04,0.4663,0.6124,0.556,0.0421,0.0018,0.566
farm4,2022-11-15,2023-04-17,0.2442,0.3857,0.3155,0.0351,0.0012,0.3166
farm5,2020-11-13,2020-11-13,0.0506,0.1365,0.1016,0.018,0.0003,0.1029
farm5,2020-11-13,2020-11-28,0.1314,0.3175,0.2266,0.0502,0.0025,0.2342
farm5,2020-11-13,2020-12-08,0.1697,0.3778,0.2789,0.0511,0.0026,0.2859
farm5,2020-11-13,2020-12-20,0.3107,0.5995,0.4478,0.0768,0.0059,0.4387
farm5,2020-11-13,2021-02-01,0.5808,0.6508,0.6215,0.0157,0.0002,0.6242
farm5,2020-11-13,2021-02-11,0.6097,0.6752,0.6407,0.0152,0.0002,0.6391
farm5,2020-11-13,2021-03-05,0.6349,0.7491,0.694,0.0222,0.0005,0.6917
farm5,2020-11-13,2021-03-28,0.3099,0.445,0.3847,0.0358,0.0013,0.3821
farm5,2020-11-13,2021-04-07,0.2272,0.4096,0.2922,0.0402,0.0016,0.296
farm5,2020-11-13,2021-04-19,0.1484,0.2729,0.1971,0.0221,0.0005,0.1977
farm5,2020-11-13,2021-04-29,0.1456,0.1873,0.1679,0.0096,0.0001,0.1667
farm5,2021-11-13,2021-11-13,0.0824,0.2086,0.1128,0.0214,0.0005,0.1072
farm5,2021-11-13,2021-11-23,0.0808,0.1646,0.1152,0.0159,0.0003,0.1149
farm5,2021-11-13,2021-12-05,0.1462,0.2485,0.1953,0.0243,0.0006,0.195
farm5,2021-11-13,2021-12-25,0.2005,0.4409,0.3567,0.0575,0.0033,0.3619
farm5,2021-11-13,2022-02-08,0.3357,0.6363,0.5546,0.0661,0.0044,0.5753
farm5,2021-11-13,2022-02-18,0.3139,0.7834,0.6692,0.1141,0.013,0.7094
farm5,2021-11-13,2022-02-28,0.3554,0.7669,0.6752,0.09,0.0081,0.7052
farm5,2021-11-13,2022-03-13,0.3996,0.7094,0.6444,0.06,0.0036,0.6632
farm5,2021-11-13,2022-03-23,0.4032,0.6452,0.5409,0.0593,0.0035,0.543
farm5,2021-11-13,2022-04-04,0.2027,0.368,0.2986,0.0355,0.0013,0.2991
farm5,2021-11-13,2022-04-14,0.1706,0.2413,0.2132,0.0145,0.0002,0.2138
farm5,2021-11-13,2022-04-24,0.1425,0.2803,0.2171,0.0276,0.0008,0.2132
farm5,2022-11-18,2022-11-18,0.1405,0.1972,0.1769,0.0109,0.0001,0.1767
farm5,2022-11-18,2022-11-30,0.1277,0.2754,0.2055,0.0244,0.0006,0.2075
farm5,2022-11-18,2022-12-10,0.2303,0.3492,0.2776,0.0242,0.0006,0.2753
farm5,2022-11-18,2023-01-12,0.3519,0.5961,0.5085,0.0468,0.0022,0.5106
farm5,2022-11-18,2023-02-03,0.5766,0.7521,0.7102,0.0348,0.0012,0.7241
farm5,2022-11-18,2023-02-13,0.6964,0.8058,0.7781,0.0246,0.0006,0.7861
farm5,2022-11-18,2023-02-26,0.6431,0.7314,0.7071,0.0166,0.0003,0.7109
farm5,2022-11-18,2023-03-08,0.6053,0.7033,0.6622,0.0205,0.0004,0.6654
farm5,2022-11-18,2023-03-30,0.3969,0.5397,0.4765,0.0269,0.0007,0.4796
farm5,2022-11-18,2023-04-09,0.2575,0.4497,0.3546,0.0409,0.0017,0.3491
farm6,2020-11-13,2020-11-13,0.1159,0.1735,0.1389,0.0134,0.0002,0.136
farm6,2020-11-13,2020-11-28,0.2255,0.316,0.2795,0.0189,0.0004,0.2815
farm6,2020-11-13,2020-12-08,0.28,0.4107,0.3514,0.0304,0.0009,0.3562
farm6,2020-11-13,2020-12-20,0.5368,0.6594,0.6112,0.0309,0.001,0.6141
farm6,2020-11-13,2021-02-01,0.6156,0.6791,0.6527,0.0146,0.0002,0.6544
farm6,2020-11-13,2021-03-05,0.6531,0.7083,0.6817,0.0139,0.0002,0.6788
farm6,2020-11-13,2021-03-28,0.2794,0.3415,0.3118,0.0153,0.0002,0.3124
farm6,2020-11-13,2021-04-07,0.1983,0.2529,0.2244,0.0122,0.0001,0.224
farm6,2020-11-13,2021-04-19,0.1504,0.2195,0.188,0.015,0.0002,0.1894
farm6,2020-11-13,2021-04-29,0.1293,0.1919,0.1611,0.0127,0.0002,0.1616
farm6,2021-11-13,2021-11-13,0.1024,0.1797,0.1283,0.0174,0.0003,0.1247
farm6,2021-11-13,2021-11-23,0.1063,0.146,0.1257,0.0083,0.0001,0.1265
farm6,2021-11-13,2021-12-05,0.1796,0.2743,0.211,0.018,0.0003,0.2098
farm6,2021-11-13,2021-12-25,0.3481,0.4958,0.4399,0.0273,0.0007,0.4393
farm6,2021-11-13,2022-02-08,0.485,0.6507,0.6079,0.0279,0.0008,0.6118
farm6,2021-11-13,2022-02-18,0.5582,0.7805,0.7315,0.0371,0.0014,0.7393
farm6,2021-11-13,2022-02-28,0.5704,0.7447,0.7003,0.0292,0.0009,0.7032
farm6,2021-11-13,2022-03-13,0.48,0.688,0.6328,0.0383,0.0015,0.6383
farm6,2021-11-13,2022-03-23,0.4192,0.6022,0.535,0.0373,0.0014,0.5365
farm6,2021-11-13,2022-04-04,0.2433,0.3665,0.2853,0.0265,0.0007,0.2832
farm6,2021-11-13,2022-04-14,0.2023,0.2456,0.2227,0.0099,0.0001,0.2221
farm6,2021-11-13,2022-04-24,0.1467,0.2809,0.2038,0.029,0.0008,0.1942
farm6,2022-11-18,2022-11-18,0.1108,0.2463,0.1686,0.0233,0.0005,0.1681
farm6,2022-11-18,2022-11-30,0.2304,0.3525,0.2847,0.033,0.0011,0.2796
farm6,2022-11-18,2022-12-10,0.4133,0.5644,0.4879,0.0395,0.0016,0.4845
farm6,2022-11-18,2023-01-12,0.5193,0.6471,0.5946,0.0253,0.0006,0.5938
farm6,2022-11-18,2023-02-03,0.6718,0.7657,0.7341,0.0204,0.0004,0.7368
farm6,2022-11-18,2023-02-13,0.6757,0.7916,0.7604,0.0223,0.0005,0.761
farm6,2022-11-18,2023-02-26,0.5857,0.6908,0.6634,0.0188,0.0004,0.6685
farm6,2022-11-18,2023-03-08,0.5448,0.6497,0.6197,0.0191,0.0004,0.6217
farm6,2022-11-18,2023-03-30,0.2931,0.4486,0.3392,0.0324,0.0011,0.3357
farm6,2022-11-18,2023-04-09,0.1942,0.3798,0.2372,0.0349,0.0012,0.2297
farm7,2020-11-05,2020-11-05,0.1163,0.5177,0.2648,0.1166,0.0136,0.2351
farm7,2020-11-05,2020-11-13,0.1156,0.4333,0.2247,0.0787,0.0062,0.217
farm7,2020-11-05,2020-11-28,0.1685,0.5398,0.3282,0.0981,0.0096,0.346
farm7,2020-11-05,2020-12-08,0.233,0.4458,0.3646,0.0578,0.0033,0.3771
farm7,2020-11-05,2020-12-20,0.4337,0.6853,0.5932,0.0555,0.0031,0.5895
farm7,2020-11-05,2021-02-01,0.4468,0.663,0.617,0.0549,0.003,0.6387
farm7,2020-11-05,2021-02-11,0.4729,0.6759,0.6335,0.0485,0.0024,0.6554
farm7,2020-11-05,2021-03-05,0.3867,0.7121,0.6169,0.0865,0.0075,0.6449
farm7,2020-11-05,2021-03-15,0.3384,0.4924,0.4434,0.0341,0.0012,0.452
farm7,2020-11-05,2021-03-28,0.2776,0.3556,0.308,0.016,0.0003,0.3079
farm7,2020-11-05,2021-04-07,0.2198,0.3763,0.2551,0.029,0.0008,0.2444
farm7,2020-11-05,2021-04-19,0.1548,0.3862,0.2133,0.0531,0.0028,0.1923
farm7,2020-11-05,2021-04-29,0.1305,0.2889,0.1798,0.0378,0.0014,0.1656
farm7,2021-11-13,2021-11-13,0.1078,0.5672,0.2383,0.1402,0.0197,0.1611
farm7,2021-11-13,2021-11-23,0.1199,0.4498,0.2333,0.096,0.0092,0.1827
farm7,2021-11-13,2021-12-05,0.1651,0.307,0.2237,0.0285,0.0008,0.2172
farm7,2021-11-13,2021-12-25,0.4132,0.4937,0.4564,0.0194,0.0004,0.4576
farm7,2021-11-13,2022-02-08,0.4869,0.6528,0.6123,0.0401,0.0016,0.6245
farm7,2021-11-13,2022-02-18,0.5378,0.7906,0.7386,0.0588,0.0035,0.7593
farm7,2021-11-13,2022-02-28,0.565,0.8011,0.7358,0.0569,0.0032,0.7521
farm7,2021-11-13,2022-03-13,0.5417,0.7314,0.6673,0.0399,0.0016,0.6733
farm7,2021-11-13,2022-03-23,0.4727,0.6586,0.5668,0.0397,0.0016,0.5628
farm7,2021-11-13,2022-04-04,0.2524,0.4493,0.3124,0.0434,0.0019,0.2991
farm7,2021-11-13,2022-04-14,0.1611,0.379,0.2449,0.0428,0.0018,0.2355
farm7,2021-11-13,2022-04-24,0.1643,0.4054,0.2191,0.0559,0.0031,0.1994
farm7,2022-11-18,2022-11-18,0.1332,0.4922,0.2083,0.0941,0.0089,0.1617
farm7,2022-11-18,2022-11-30,0.2175,0.5064,0.2932,0.0739,0.0055,0.2611
farm7,2022-11-18,2022-12-10,0.3731,0.5385,0.4337,0.0383,0.0015,0.4268
farm7,2022-11-18,2023-01-12,0.4201,0.6411,0.5729,0.047,0.0022,0.5831
farm7,2022-11-18,2023-02-03,0.4788,0.7543,0.7077,0.0689,0.0048,0.7357
farm7,2022-11-18,2023-02-13,0.4998,0.8064,0.7575,0.0771,0.0059,0.7911
farm7,2022-11-18,2023-02-26,0.47,0.7102,0.6741,0.0526,0.0028,0.6942
farm7,2022-11-18,2023-03-08,0.4424,0.7155,0.6691,0.0637,0.0041,0.6941
farm7,2022-11-18,2023-04-09,0.1859,0.4605,0.28,0.0568,0.0032,0.2693
farm8,2020-11-05,2020-11-05,0.2028,0.3216,0.2829,0.0265,0.0007,0.285
farm8,2020-11-05,2020-11-13,0.2121,0.2633,0.2367,0.0117,0.0001,0.2367
farm8,2020-11-05,2020-11-28,0.2385,0.3212,0.2621,0.0142,0.0002,0.2607
farm8,2020-11-05,2020-12-08,0.2755,0.337,0.3119,0.0125,0.0002,0.3126
farm8,2020-11-05,2020-12-20,0.4109,0.5585,0.4737,0.0355,0.0013,0.4739
farm8,2020-11-05,2021-02-01,0.5992,0.6486,0.6289,0.0117,0.0001,0.6297
farm8,2020-11-05,2021-02-11,0.635,0.6716,0.6581,0.0072,0.0001,0.658
farm8,2020-11-05,2021-03-05,0.6947,0.746,0.7243,0.0107,0.0001,0.7264
farm8,2020-11-05,2021-03-15,0.5288,0.5566,0.5426,0.0079,0.0001,0.5421
farm8,2020-11-05,2021-03-28,0.419,0.4721,0.4487,0.0119,0.0001,0.4474
farm8,2020-11-05,2021-04-07,0.3113,0.45,0.3641,0.0319,0.001,0.3672
farm8,2020-11-05,2021-04-19,0.1844,0.3358,0.2158,0.0268,0.0007,0.2122
farm8,2020-11-05,2021-04-29,0.1848,0.2815,0.2073,0.0166,0.0003,0.2045
farm8,2021-11-13,2021-11-13,0.0868,0.1929,0.1525,0.0257,0.0007,0.1528
farm8,2021-11-13,2021-11-23,0.0957,0.168,0.1267,0.0191,0.0004,0.1257
farm8,2021-11-13,2021-12-25,0.3173,0.3881,0.3507,0.0193,0.0004,0.3519
farm8,2021-11-13,2022-02-08,0.5761,0.6437,0.6186,0.0175,0.0003,0.6213
farm8,2021-11-13,2022-02-18,0.5428,0.7782,0.728,0.0558,0.0031,0.7473
farm8,2021-11-13,2022-02-28,0.5443,0.7819,0.7393,0.0574,0.0033,0.7597
farm8,2021-11-13,2022-03-13,0.5167,0.7269,0.6911,0.0518,0.0027,0.7106
farm8,2021-11-13,2022-03-23,0.5067,0.6681,0.6387,0.0414,0.0017,0.6564
farm8,2021-11-13,2022-04-04,0.3192,0.5262,0.4673,0.0478,0.0023,0.4753
farm8,2021-11-13,2022-04-14,0.2423,0.2964,0.2683,0.0108,0.0001,0.268
farm8,2021-11-13,2022-04-24,0.2361,0.2886,0.2613,0.0149,0.0002,0.2617
farm8,2022-11-18,2022-11-18,0.2412,0.3491,0.2718,0.0244,0.0006,0.2677
farm8,2022-11-18,2022-11-30,0.3993,0.5401,0.4701,0.0339,0.0011,0.4762
farm8,2022-11-18,2022-12-10,0.4746,0.6476,0.5769,0.0401,0.0016,0.5874
farm8,2022-11-18,2023-01-12,0.5231,0.6565,0.6225,0.0337,0.0011,0.6319
farm8,2022-11-18,2023-02-13,0.6068,0.8047,0.7721,0.051,0.0026,0.791
farm8,2022-11-18,2023-02-26,0.5985,0.7032,0.6855,0.0269,0.0007,0.6941
farm8,2022-11-18,2023-03-08,0.5396,0.6913,0.6627,0.0369,0.0014,0.6757
farm8,2022-11-18,2023-04-09,0.1799,0.3597,0.2525,0.0388,0.0015,0.25
farm9,2020-11-05,2020-11-05,0.2146,0.3211,0.2832,0.0209,0.0004,0.2836
farm9,2020-11-05,2020-11-13,0.1941,0.2602,0.23,0.0147,0.0002,0.2323
farm9,2020-11-05,2020-11-28,0.2143,0.2964,0.2509,0.0149,0.0002,0.2533
farm9,2020-11-05,2020-12-08,0.2686,0.3222,0.3034,0.0118,0.0001,0.3039
farm9,2020-11-05,2020-12-20,0.392,0.5177,0.4553,0.0291,0.0008,0.4545
farm9,2020-11-05,2021-02-01,0.585,0.6457,0.627,0.014,0.0002,0.6315
farm9,2020-11-05,2021-02-11,0.6182,0.6789,0.6581,0.0132,0.0002,0.661
farm9,2020-11-05,2021-03-05,0.6957,0.7454,0.7283,0.011,0.0001,0.7295
farm9,2020-11-05,2021-03-15,0.5019,0.5635,0.5406,0.0129,0.0002,0.542
farm9,2020-11-05,2021-03-28,0.4348,0.4896,0.4584,0.0128,0.0002,0.4577
farm9,2020-11-05,2021-04-07,0.3469,0.4759,0.3964,0.0321,0.001,0.3917
farm9,2020-11-05,2021-04-19,0.1947,0.2545,0.2179,0.0141,0.0002,0.2144
farm9,2020-11-05,2021-04-29,0.1819,0.2358,0.2017,0.0099,0.0001,0.2016
farm9,2021-11-13,2021-11-13,0.0809,0.2483,0.1527,0.0445,0.002,0.1458
farm9,2021-11-13,2021-11-23,0.1088,0.1747,0.1333,0.0178,0.0003,0.1298
farm9,2021-11-13,2021-12-25,0.2712,0.4372,0.3687,0.0375,0.0014,0.3697
farm9,2021-11-13,2022-02-08,0.5008,0.6397,0.6003,0.0272,0.0007,0.6042
farm9,2021-11-13,2022-02-18,0.4188,0.7759,0.7182,0.0652,0.0043,0.7366
farm9,2021-11-13,2022-02-28,0.3754,0.792,0.7322,0.0693,0.0048,0.7498
farm9,2021-11-13,2022-03-13,0.4144,0.7279,0.6781,0.0532,0.0028,0.6904
farm9,2021-11-13,2022-03-23,0.3457,0.6676,0.6203,0.0503,0.0025,0.6325
farm9,2021-11-13,2022-04-04,0.2304,0.4791,0.4146,0.0413,0.0017,0.4133
farm9,2021-11-13,2022-04-14,0.2411,0.3022,0.2654,0.0148,0.0002,0.2641
farm9,2021-11-13,2022-04-24,0.1794,0.384,0.2226,0.0363,0.0013,0.2091
farm9,2022-11-18,2022-11-18,0.2124,0.377,0.2564,0.0296,0.0009,0.252
farm9,2022-11-18,2022-11-30,0.3761,0.5551,0.4497,0.0398,0.0016,0.4426
farm9,2022-11-18,2022-12-10,0.4154,0.6434,0.5655,0.042,0.0018,0.571
farm9,2022-11-18,2023-01-12,0.4159,0.6555,0.6074,0.0415,0.0017,0.6161
farm9,2022-11-18,2023-02-13,0.4499,0.8015,0.7684,0.0521,0.0027,0.7832
farm9,2022-11-18,2023-02-26,0.5028,0.7005,0.6768,0.0314,0.001,0.6898
farm9,2022-11-18,2023-03-08,0.4656,0.6913,0.657,0.0339,0.0011,0.6656
farm9,2022-11-18,2023-04-09,0.2097,0.4649,0.2568,0.0395,0.0016,0.2503
farm10,2020-11-05,2020-11-05,0.1042,0.3117,0.1929,0.0503,0.0025,0.215
farm10,2020-11-05,2020-11-13,0.0538,0.2546,0.1689,0.0632,0.004,0.193
farm10,2020-11-05,2020-11-28,0.1417,0.4043,0.2172,0.0713,0.0051,0.1806
farm10,2020-11-05,2020-12-08,0.1855,0.4421,0.2651,0.0625,0.0039,0.2357
farm10,2020-11-05,2020-12-20,0.237,0.5815,0.383,0.0843,0.0071,0.3579
farm10,2020-11-05,2021-02-01,0.5547,0.6419,0.6121,0.0182,0.0003,0.6136
farm10,2020-11-05,2021-02-11,0.5615,0.6516,0.6176,0.0199,0.0004,0.617
farm10,2020-11-05,2021-03-05,0.6503,0.7602,0.7131,0.0297,0.0009,0.713
farm10,2020-11-05,2021-03-15,0.4959,0.5744,0.5381,0.0205,0.0004,0.5385
farm10,2020-11-05,2021-03-28,0.3537,0.4372,0.401,0.0175,0.0003,0.4009
farm10,2020-11-05,2021-04-07,0.2469,0.3591,0.2984,0.0259,0.0007,0.2989
farm10,2020-11-05,2021-04-19,0.1463,0.2732,0.2101,0.0223,0.0005,0.2081
farm10,2020-11-05,2021-04-29,0.166,0.227,0.1876,0.0126,0.0002,0.1864
farm10,2021-11-13,2021-11-13,0.0846,0.3072,0.1821,0.0612,0.0037,0.1832
farm10,2021-11-13,2021-11-23,0.0841,0.1444,0.1089,0.0138,0.0002,0.1078
farm10,2021-11-13,2021-12-25,0.2458,0.355,0.3044,0.0305,0.0009,0.3056
farm10,2021-11-13,2022-02-08,0.399,0.6509,0.5323,0.0766,0.0059,0.5491
farm10,2021-11-13,2022-02-18,0.4273,0.7901,0.6478,0.1202,0.0145,0.7075
farm10,2021-11-13,2022-02-28,0.4844,0.804,0.6945,0.0895,0.008,0.7379
farm10,2021-11-13,2022-03-13,0.4664,0.7566,0.6936,0.0618,0.0038,0.7211
farm10,2021-11-13,2022-03-23,0.4771,0.6838,0.6413,0.0381,0.0014,0.6534
farm10,2021-11-13,2022-04-04,0.2983,0.5051,0.446,0.0362,0.0013,0.4509
farm10,2021-11-13,2022-04-14,0.2338,0.3096,0.2751,0.0152,0.0002,0.2777
farm10,2021-11-13,2022-04-24,0.2055,0.2641,0.2377,0.0123,0.0002,0.2372
farm10,2022-11-18,2022-11-18,0.1308,0.2274,0.1704,0.0231,0.0005,0.166
farm10,2022-11-18,2022-11-30,0.1635,0.3488,0.2363,0.0477,0.0023,0.2252
farm10,2022-11-18,2022-12-10,0.2569,0.4491,0.3343,0.0574,0.0033,0.3082
farm10,2022-11-18,2023-01-12,0.4437,0.5793,0.5135,0.0283,0.0008,0.5063
farm10,2022-11-18,2023-02-03,0.6016,0.7563,0.7027,0.0345,0.0012,0.7064
farm10,2022-11-18,2023-02-13,0.643,0.8138,0.7604,0.0365,0.0013,0.7583
farm10,2022-11-18,2023-02-26,0.6053,0.7264,0.687,0.0247,0.0006,0.6843
farm10,2022-11-18,2023-03-08,0.6066,0.7324,0.6915,0.0274,0.0007,0.6911
farm10,2022-11-18,2023-04-09,0.2534,0.4557,0.3528,0.0554,0.0031,0.3441
farm11,2020-11-05,2020-11-05,0.167,0.399,0.1989,0.0486,0.0024,0.187
farm11,2020-11-05,2020-11-13,0.1587,0.3704,0.1899,0.0387,0.0015,0.1814
farm11,2020-11-05,2020-11-28,0.2117,0.4887,0.2678,0.0527,0.0028,0.2536
farm11,2020-11-05,2020-12-08,0.2869,0.4401,0.3533,0.0446,0.002,0.3433
farm11,2020-11-05,2020-12-20,0.4004,0.6465,0.5214,0.0642,0.0041,0.5212
farm11,2020-11-05,2021-02-01,0.4937,0.6834,0.6502,0.0417,0.0017,0.6652
farm11,2020-11-05,2021-02-11,0.5142,0.6843,0.656,0.038,0.0014,0.6673
farm11,2020-11-05,2021-03-05,0.5611,0.7442,0.7142,0.0352,0.0012,0.7241
farm11,2020-11-05,2021-03-15,0.4835,0.5647,0.5466,0.0141,0.0002,0.5481
farm11,2020-11-05,2021-03-28,0.3816,0.4597,0.4124,0.0139,0.0002,0.4127
farm11,2020-11-05,2021-04-07,0.2491,0.4528,0.2922,0.0393,0.0015,0.2815
farm11,2020-11-05,2021-04-19,0.2019,0.4744,0.2313,0.0504,0.0025,0.2181
farm11,2020-11-05,2021-04-29,0.1667,0.3852,0.1911,0.0419,0.0018,0.1788
farm11,2021-11-13,2021-11-13,0.1131,0.3865,0.1431,0.0509,0.0026,0.1292
farm11,2021-11-13,2021-11-23,0.1002,0.3423,0.1297,0.0474,0.0022,0.1156
farm11,2021-11-13,2021-12-15,0.1761,0.3206,0.2219,0.026,0.0007,0.2189
farm11,2021-11-13,2021-12-25,0.307,0.4286,0.3672,0.0233,0.0005,0.3688
farm11,2021-11-13,2022-02-08,0.5314,0.664,0.6284,0.0266,0.0007,0.6329
farm11,2021-11-13,2022-02-18,0.6645,0.8067,0.7755,0.0276,0.0008,0.7845
farm11,2021-11-13,2022-02-28,0.6806,0.8065,0.783,0.0243,0.0006,0.7914
farm11,2021-11-13,2022-03-13,0.6563,0.7468,0.7224,0.0164,0.0003,0.7251
farm11,2021-11-13,2022-03-23,0.6088,0.6705,0.6442,0.0149,0.0002,0.6469
farm11,2021-11-13,2022-04-04,0.3231,0.5662,0.4083,0.0471,0.0022,0.4058
farm11,2021-11-13,2022-04-14,0.223,0.4231,0.2584,0.0389,0.0015,0.247
farm11,2021-11-13,2022-04-24,0.1893,0.5098,0.2322,0.0608,0.0037,0.2189
farm11,2022-11-18,2022-11-18,0.1683,0.4692,0.2187,0.0559,0.0031,0.2051
farm11,2022-11-18,2022-11-30,0.3346,0.5396,0.4258,0.0399,0.0016,0.4254
farm11,2022-11-18,2022-12-10,0.5452,0.6349,0.5898,0.0227,0.0005,0.5913
farm11,2022-11-18,2023-01-12,0.552,0.6737,0.6334,0.0247,0.0006,0.6386
farm11,2022-11-18,2023-02-13,0.6772,0.8109,0.7945,0.0269,0.0007,0.8022
farm11,2022-11-18,2023-02-26,0.604,0.7171,0.7001,0.0192,0.0004,0.7044
farm11,2022-11-18,2023-03-08,0.6086,0.726,0.7122,0.0186,0.0003,0.7169
farm11,2022-11-18,2023-04-09,0.253,0.6274,0.3381,0.0816,0.0067,0.3154
farm12,2020-11-05,2020-11-05,-0.0202,0.2688,0.065,0.0728,0.0053,0.0408
farm12,2020-11-05,2020-11-13,0.0623,0.1723,0.0872,0.0182,0.0003,0.0807
farm12,2020-11-05,2020-11-28,0.1799,0.2984,0.2077,0.0212,0.0004,0.205
farm12,2020-11-05,2020-12-08,0.2636,0.4407,0.3333,0.0355,0.0013,0.3339
farm12,2020-11-05,2020-12-20,0.4354,0.667,0.5591,0.0541,0.0029,0.5673
farm12,2020-11-05,2021-02-01,0.6293,0.6837,0.6638,0.0116,0.0001,0.6665
farm12,2020-11-05,2021-03-05,0.7059,0.7552,0.737,0.0089,0.0001,0.7381
farm12,2020-11-05,2021-03-15,0.5652,0.6278,0.6005,0.0097,0.0001,0.6005
farm12,2020-11-05,2021-03-28,0.4007,0.4851,0.4488,0.0177,0.0003,0.4468
farm12,2020-11-05,2021-04-07,0.264,0.3857,0.3127,0.0316,0.001,0.3059
farm12,2020-11-05,2021-04-19,0.1761,0.249,0.2048,0.0166,0.0003,0.2018
farm12,2020-11-05,2021-04-29,0.1581,0.206,0.1741,0.0102,0.0001,0.1728
farm12,2021-11-13,2021-11-13,0.0453,0.1451,0.0976,0.0125,0.0002,0.0981
farm12,2021-11-13,2021-11-23,0.0819,0.1297,0.0955,0.0078,0.0001,0.0948
farm12,2021-11-13,2021-12-15,0.2817,0.4438,0.3273,0.0353,0.0012,0.3232
farm12,2021-11-13,2021-12-25,0.3362,0.5053,0.4044,0.0367,0.0013,0.403
farm12,2021-11-13,2022-02-08,0.5326,0.6764,0.6336,0.0294,0.0009,0.6386
farm12,2021-11-13,2022-02-18,0.615,0.7965,0.759,0.0323,0.001,0.7681
farm12,2021-11-13,2022-02-28,0.629,0.8,0.7714,0.0268,0.0007,0.7776
farm12,2021-11-13,2022-03-13,0.6159,0.7399,0.7092,0.0224,0.0005,0.7159
farm12,2021-11-13,2022-03-23,0.5431,0.6582,0.62,0.0248,0.0006,0.6244
farm12,2021-11-13,2022-04-04,0.2856,0.4185,0.3354,0.0271,0.0007,0.3328
farm12,2021-11-13,2022-04-14,0.1938,0.2495,0.2221,0.0113,0.0001,0.2216
farm12,2021-11-13,2022-04-24,0.1555,0.2484,0.204,0.0165,0.0003,0.2048
farm12,2022-11-18,2022-11-18,0.0916,0.2261,0.1388,0.0191,0.0004,0.1355
farm12,2022-11-18,2022-11-30,0.2374,0.4097,0.3025,0.0327,0.0011,0.2986
farm12,2022-11-18,2022-12-10,0.385,0.5565,0.4735,0.0414,0.0017,0.4776
farm12,2022-11-18,2023-01-12,0.531,0.6194,0.5827,0.0185,0.0003,0.5819
farm12,2022-11-18,2023-02-03,0.5521,0.7809,0.7573,0.0363,0.0013,0.7652
farm12,2022-11-18,2023-02-13,0.4688,0.8169,0.7928,0.0553,0.0031,0.8051
farm12,2022-11-18,2023-02-26,0.558,0.731,0.7143,0.0275,0.0008,0.7203
farm12,2022-11-18,2023-03-08,0.4898,0.7424,0.7105,0.0392,0.0015,0.7181
farm12,2022-11-18,2023-04-09,0.2305,0.5064,0.2865,0.0497,0.0025,0.2671
farm13,2020-11-05,2020-11-05,0.2054,0.3385,0.2445,0.0283,0.0008,0.2428
farm13,2020-11-05,2020-11-13,0.1854,0.2319,0.2094,0.0118,0.0001,0.2086
farm13,2020-11-05,2020-11-28,0.2304,0.2961,0.2621,0.0181,0.0003,0.2605
farm13,2020-11-05,2020-12-08,0.3014,0.401,0.341,0.0249,0.0006,0.338
farm13,2020-11-05,2020-12-20,0.4429,0.6306,0.5286,0.0436,0.0019,0.5289
farm13,2020-11-05,2021-02-01,0.5857,0.6521,0.6188,0.0173,0.0003,0.6173
farm13,2020-11-05,2021-02-11,0.5595,0.6394,0.5983,0.0225,0.0005,0.5927
farm13,2020-11-05,2021-03-05,0.6408,0.7348,0.6933,0.028,0.0008,0.6869
farm13,2020-11-05,2021-03-28,0.3418,0.4093,0.3748,0.0157,0.0002,0.3727
farm13,2020-11-05,2021-04-07,0.2619,0.3214,0.2936,0.0136,0.0002,0.2915
farm13,2020-11-05,2021-04-19,0.1919,0.262,0.2094,0.0174,0.0003,0.2035
farm13,2020-11-05,2021-04-29,0.1632,0.2058,0.184,0.0095,0.0001,0.1834
farm13,2021-11-13,2021-11-13,0.0946,0.2319,0.1311,0.0286,0.0008,0.1209
farm13,2021-11-13,2021-11-23,0.0865,0.1991,0.1077,0.02,0.0004,0.1051
farm13,2021-11-13,2021-12-25,0.2716,0.3565,0.3211,0.0209,0.0004,0.3213
farm13,2021-11-13,2022-02-08,0.4828,0.6024,0.5606,0.0287,0.0008,0.5687
farm13,2021-11-13,2022-02-18,0.5282,0.7302,0.6656,0.0426,0.0018,0.6746
farm13,2021-11-13,2022-02-28,0.6098,0.7622,0.7089,0.0324,0.001,0.7152
farm13,2021-11-13,2022-03-13,0.6078,0.722,0.6705,0.0214,0.0005,0.6729
farm13,2021-11-13,2022-03-23,0.5302,0.6184,0.5605,0.0188,0.0004,0.5605
farm13,2021-11-13,2022-04-04,0.2717,0.3537,0.3027,0.0206,0.0004,0.2966
farm13,2021-11-13,2022-04-14,0.2066,0.2668,0.2299,0.0122,0.0001,0.2281
farm13,2021-11-13,2022-04-24,0.1704,0.2231,0.1999,0.01,0.0001,0.2016
farm13,2022-11-18,2022-11-18,0.1203,0.1727,0.141,0.0142,0.0002,0.1379
farm13,2022-11-18,2022-11-30,0.1811,0.299,0.2335,0.0331,0.0011,0.2344
farm13,2022-11-18,2022-12-10,0.285,0.4218,0.3572,0.0358,0.0013,0.3599
farm13,2022-11-18,2023-01-12,0.452,0.588,0.5311,0.0357,0.0013,0.5379
farm13,2022-11-18,2023-02-03,0.6551,0.7397,0.7083,0.0183,0.0003,0.7107
farm13,2022-11-18,2023-02-13,0.7219,0.8001,0.7753,0.0156,0.0002,0.7778
farm13,2022-11-18,2023-02-26,0.6676,0.7165,0.6886,0.0111,0.0001,0.6871
farm13,2022-11-18,2023-03-08,0.6601,0.7034,0.6845,0.0108,0.0001,0.6832
farm13,2022-11-18,2023-04-09,0.2397,0.373,0.2959,0.0348,0.0012,0.2844